,id,topic
0,0,lipopolysaccharid
1,1,pharmaceut
2,2,epidem
3,3,influenza
4,4,fluenza
5,5,newyorktimesneediestcasesfund
6,6,medicineandhealth
7,7,virus
8,8,h1n1
9,9,china
10,10,viralinfluenza
11,11,proinflammatorycytokin
12,12,immunesystem
13,13,scienceandtechnolog
14,14,chloroquin
15,15,remdesivir
16,16,drugs(pharmaceuticals)
17,17,
18,18,surveysandtest
19,19,urt
20,20,lockout
21,21,osteoporosi
22,22,cancer
23,23,diet
24,24,research
25,25,unitedstateseconomi
26,26,mers-cov
27,27,biologicalandchemicalwarfar
28,28,dynamitin
29,29,vaccinesimmun
30,30,ppandem
31,31,hospit
32,32,rna
33,33,biologyandbiochemistri
34,34,southafrica
35,35,mer
36,36,r0
37,37,pandem
38,38,antiviralimmun
39,39,rig-i
40,40,ddx60
41,41,sar
42,42,sars-cov
43,43,npa
44,44,fatal
45,45,casualti
46,46,familiesandfamilylif
47,47,viru
48,48,ncov
49,49,who
50,50,microbiolog
51,51,bacteria
52,52,popul
53,53,airpollut
54,54,airport
55,55,pneumonia
56,56,childrenandyouth
57,57,dna
58,58,pcr
59,59,sars-cov-2
60,60,covid(computervideorecordings)
61,61,ebolaviru
62,62,losangelesinternationalairport
63,63,losangel
64,64,carrageenan
65,65,airlinesandairplan
66,66,booksandliteratur
67,67,hadv-55
68,68,testsandtest
69,69,electron
70,70,e1-a226v
71,71,kochcharl
72,72,cdc
73,73,bat
74,74,liv
75,75,tiv
76,76,ifv
77,77,pre-existingcondit
78,78,geneticsandhered
79,79,hmpv
80,80,chikv
81,81,nationalaeronauticsandspaceadministr
82,82,pregnanc
83,83,anim
84,84,insect
85,85,clodstridiumdifficil
86,86,ebola
87,87,healthinsuranceandmanagedcar
88,88,vector
89,89,indianocean
90,90,universalprimer-pcr
91,91,hepcidin
92,92,zoonot
93,93,malat1
94,94,coronaviru
95,95,oxygen
96,96,surveillanceandintelligenceag
97,97,nsa
98,98,policebrut
99,99,policemisconduct
100,100,policeshoot
101,101,covid-19ctscann
102,102,chemicalsandtoxicsubst
103,103,sheep
104,104,livestock
105,105,humaninfluenza
106,106,veereplicon
107,107,vee
108,108,model
109,109,fashion
110,110,lung
111,111,rti
112,112,riskfactor
113,113,newsmedia
114,114,journal
115,115,dataminingandbigdata
116,116,useconomi
117,117,spain
118,118,hairpin
119,119,carageenan
120,120,zanamivir
121,121,hcv
122,122,arginin
123,123,test
124,124,internationalrel
125,125,deaths(fatalities)
126,126,humanitarianaid
127,127,cruis
128,128,diamondprincess
129,129,computersandtheinternet
130,130,softwar
131,131,diseas
132,132,socialmedia
133,133,collegebasketbal
134,134,clade
135,135,h(+)-atpas
136,136,vacuum
137,137,amoygarden
138,138,itali
139,139,terror
140,140,bacillussubtili
141,141,infect
142,142,sars(sars)
143,143,economicconditionsandtrend
144,144,nuclearenergi
145,145,nuclearweapon
146,146,simul
147,147,hetesim
148,148,baculoviru
149,149,hantaviru
150,150,rsv
151,151,hantavirus
152,152,rpcr
153,153,realtimepcr
154,154,protein
155,155,dataminingandmin
156,156,brain
157,157,assay
158,158,calv
159,159,oil(petroleum)andgasolin
160,160,livimmun
161,161,coronavirus
162,162,ccoronaviru
163,163,fraudsandswindl
164,164,mersviralload
165,165,serial
166,166,archaeologyandanthropolog
167,167,fossil
168,168,neuro-fuzzyinferencesystem(anfis)
169,169,virusesandvirus
170,170,laiv
171,171,hepat
172,172,chestct
173,173,mucu
174,174,children
175,175,mentalhealthanddisord
176,176,iv
177,177,murdersandattemptedmurd
178,178,thailand
179,179,japan
180,180,airway
181,181,inflammatorybowel
182,182,palmcivetsar
183,183,evolut
184,184,respiratorysyncytialviru
185,185,gfp
186,186,sarsviru
187,187,mice
188,188,cystein
189,189,iitm3
190,190,spallutoet
191,191,hepatitisc
192,192,antibiot
193,193,pneumolysin
194,194,humanadenoviru
195,195,glycyrrhizin
196,196,hivr
197,197,hiv
198,198,c-cchemokinereceptor
199,199,hiv-1
200,200,radiat
201,201,coxiellaburnetii
202,202,parp-1
203,203,latrin
204,204,domesticviol
205,205,womenandgirl
206,206,wirelesscommun
207,207,cabletelevis
208,208,covid19(currency)
209,209,swineinfluenza
210,210,weather
211,211,educationandschool
212,212,mammarenavirus
213,213,reunionisland(nyc)
214,214,recessionanddepress
215,215,africa
216,216,milk
217,217,qrt-pcr
218,218,s-palmitoyl
219,219,vaccineimmun
220,220,unitedkingdom
221,221,music
222,222,antibodi
223,223,h7n9
224,224,belgium
225,225,adenoviru
226,226,dyspnea
227,227,emphyema
228,228,emphysema
229,229,clinicaltri
230,230,airlin
231,231,airplan
232,232,mammal
233,233,antivirus
234,234,earth
235,235,viremia
236,236,phage
237,237,hia
238,238,hiatit
239,239,titer
240,240,hcp
241,241,"""coupsdetat"""
242,242,snv
243,243,snowsnowstorm
244,244,h5n1influenza
245,245,cricket
246,246,wastematerialsanddispos
247,247,merscov
248,248,vigil
249,249,salmonella
250,250,alpha-tubulin
251,251,hamster
252,252,syria
253,253,avianinfluenza
254,254,basketbal
255,255,tatprotein
256,256,cellularsystem
257,257,acuterespiratoryinfect
258,258,southkorea
259,259,airwayinflamm
260,260,generalizedanxietydisord
261,261,psychologyandpsychologist
262,262,travelandvac
263,263,ppe
264,264,airwayinflammatorydiseas
265,265,reunionisland(spain)
266,266,cytokin
267,267,spanishinfluenza
268,268,pain
269,269,cn
270,270,katnal1
271,271,h1n1influenzaviru
272,272,phagocytochemistri
273,273,tcell
274,274,hormon
275,275,t-maze
276,276,immigrationandemigr
277,277,covid19
278,278,viralparticl
279,279,pertussi
280,280,infant
281,281,emict
282,282,techindustri
283,283,cattl
284,284,quantitativeeas
285,285,camel
286,286,calvingseason
287,287,bridgesandtunnel
288,288,australia
289,289,fassa
290,290,writingandwrit
291,291,diamondprincesscruiselin
292,292,blue
293,293,sirna
294,294,transitsystem
295,295,indonesia
296,296,hercul
297,297,si
298,298,sportsinjuri
299,299,tissu
300,300,cdifficl
301,301,ksa
302,302,tamiflu
303,303,unitedstatespoliticsandgovern
304,304,politicsandgovern
305,305,cellulartelemetri
306,306,cd40l
307,307,bcell
308,308,immunedeficiencysyndrom
309,309,acquiredimmunedeficiencysyndrom
310,310,categoricalvari
311,311,covid-19
312,312,america
313,313,rv
314,314,antibacterialag
315,315,connecticut
316,316,recreunionisland
317,317,african-american
318,318,chikviru
319,319,rad5
320,320,green
321,321,fashionandapparel
322,322,immuneimmunoglobulin
323,323,mutationsandmut
324,324,poxviru
325,325,htnv
326,326,hbv
327,327,ntcp
328,328,nasalmucosa
329,329,mapk
330,330,ifitm3
331,331,gender
332,332,genderdysphoria
333,333,autism
334,334,geneticengin
335,335,olympicgam
336,336,ski
337,337,vaccin
338,338,socialdistancing(institutional)
339,339,smokingandtobacco
340,340,hawaii
341,341,childhoodpneumoniarateforhighincomecountriesvslowandmiddleincomecountri
342,342,immuneimmun
343,343,camcam1protein
344,344,nyvac
345,345,nyc
346,346,hpaih5n1
347,347,rice
348,348,tuberculosi
349,349,antibacteri
350,350,swineflu(spanishinfluenza)
351,351,antibacterialimmun
352,352,cellulartelephon
353,353,upr
354,354,cladesaandb
355,355,ruraltractinfect
356,356,listeria
357,357,vironoid
358,358,glycerid
359,359,n-protein
360,360,middleeastrespiratorysyndrom
361,361,middleeastandnorthafricaunrest(2010-)
362,362,franc
363,363,receptor
364,364,dc-signr
365,365,ifitm5
366,366,asthma
367,367,criminalsent
368,368,us
369,369,dna(deoxyribonucleicacid)
370,370,organicacid
371,371,echoviru
372,372,h5n1
373,373,agricultur
374,374,h1n1influenza
375,375,c-cmotifchemokineligand3like1
376,376,swineflu
377,377,t-cellcount
378,378,tatandrevprotein
379,379,aav
380,380,emergencyresponseandprepared
381,381,acutehemorrhagicencephalomyel
382,382,viral
383,383,diagnosticsandassistedliv
384,384,searchengin
385,385,telephonesandtelecommun
386,386,t-cell
387,387,nucleosid
388,388,dendriticcel
389,389,nucleosidepolymeras
390,390,regressiontre
391,391,metabol
392,392,necropsi
393,393,rip3
394,394,rvp
395,395,votingandvot
396,396,ruralarea
397,397,ffilamentousphag
398,398,microarray
399,399,rad5-ha
400,400,chikungunyaviru
401,401,vaccinesandimmun
402,402,vectorsandvector
403,403,surveysandmethod
404,404,mers-covviru
405,405,lysin
406,406,isotop
407,407,mrsa
408,408,ad5
409,409,stringdatabas
410,410,nucleicacid
411,411,airwaycel
412,412,kenya
413,413,faa
414,414,smoke
415,415,illegalimmunedeficiencysyndrom
416,416,librari
417,417,chronicenceph
418,418,venezuela
419,419,red
420,420,fishandothermarinelif
421,421,environ
422,422,cytotox
423,423,incomeinequ
424,424,spanishinfluenzaviru
425,425,mda-mb-231
426,426,fattyacid
427,427,traffic
428,428,roadsandtraff
429,429,humancoronaviru
430,430,echovirus
431,431,nigeria
432,432,regulationandderegulationofindustri
433,433,covid
434,434,aegypti
435,435,comoro
436,436,seychel
437,437,iron
438,438,antioxid
439,439,chicken
440,440,physic
441,441,hazmat
442,442,vultur
443,443,h1n1viru
444,444,egr1
445,445,egr2
446,446,mening
447,447,california
448,448,californiacodeofregul
449,449,famili
450,450,src
451,451,email
452,452,oseltamivir
453,453,qfever
454,454,mbl
455,455,mannanosebindinglectin
456,456,h1n1(swineinfluenza)
457,457,influenzaa
458,458,unitedst
459,459,jurkatt-cellnucleolu
460,460,viralrna
461,461,diamondprincesscruis
462,462,temperatur
463,463,orf1ab
464,464,ventil
465,465,vermont
466,466,hcov
467,467,diseasesandemerg
468,468,bacteialdeliveryvector
469,469,sars-cov-2reservoir
470,470,waterpollut
471,471,coinfect
472,472,arenaviru
473,473,iockdown
474,474,apathogenesi
475,475,rtube
476,476,pneumococcu
477,477,anxietyanddepress
478,478,bovinecoronaviru
479,479,alzheim
480,480,"""parkinsonsdisease"""
481,481,ns5a
482,482,phosphoryl
483,483,losangeles(calif)
484,484,lassafev
485,485,cholera
486,486,toxinsubunita1
487,487,lactobacililuscas
488,488,middleeastrespiratorysyndromecoronaviru
489,489,malariaviru
490,490,hydroxychloroquin
491,491,switzerland
492,492,felineinfectiousperiton
493,493,fip
494,494,bal
495,495,neutrophil
496,496,h1n1v
497,497,ccr5
498,498,dc
499,499,juveniledelinqu
500,500,accidentsandsafeti
501,501,rotaviru
502,502,endangeredspeci
503,503,wuhan(china)
504,504,ribozym
505,505,hantaviruscardiopulmonarysyndrom
506,506,anfi
507,507,fifa
508,508,dc-genr
509,509,washroomsanddisinfect
510,510,aircondit
511,511,v-atpas
512,512,tenni
513,513,bioconjug
514,514,viralandrickettsialdiseaselaboratory(nyc)
515,515,viralsandrick
516,516,containmentphas
517,517,enteroviru
518,518,mers-covtransmiss
519,519,baciliussubtili
520,520,mothertochildtransmissionofhiv-1
521,521,fever
522,522,stress
523,523,colorado
524,524,usstat
525,525,sca
526,526,collegeathlet
527,527,transcript
528,528,rnapolymeras
529,529,icu
530,530,ifitm
531,531,ndv
532,532,radiolog
533,533,self-adulteri
534,534,inflamm
535,535,phagepeptid
536,536,eventscal
537,537,alphaviru
538,538,virusvector
539,539,arenavirida
540,540,humanrespiratorysyncytialviru
541,541,interleukin-1beta
542,542,antibacterialinfect
543,543,airwayepithelium
544,544,ro
545,545,pamp-prr
546,546,cq(drug)
547,547,nasopharyngealaspir
548,548,socialnetworking(internet)
549,549,nuclearreceptors(nuclear)
550,550,nkcell
551,551,horserac
552,552,golgi
553,553,methan
554,554,obes
555,555,budgetsandbudget
556,556,icehockey
557,557,winter
558,558,betacoronaviru
559,559,handhygien
560,560,cough
561,561,epidemicsandimmunolog
562,562,rhinoviru
563,563,airwaymicrobiolog
564,564,surgeryandsurgeon
565,565,heart
566,566,dementia
567,567,microb
568,568,whoglobalinfluenzasurveillanceandresponsesystem
569,569,antibacterialimmunolog
570,570,takadateet
571,571,copd
572,572,copenhagen
573,573,five
574,574,sars-covviru
575,575,bangladesh
576,576,flight
577,577,sciencefict
578,578,rescuesystems(ros)
579,579,immunochemistryandhered
580,580,mers-co
581,581,islam
582,582,saudiarabia
583,583,alimohamedzaki
584,584,ros(ros)
585,585,europ
586,586,europeanunion
587,587,laborandjob
588,588,budget
589,589,middleeastandnorthafricaunrest(2010-
590,590,macrophag
591,591,hubei
592,592,transpar
593,593,vaccinesimmunosuppress
594,594,newworldhantavirussnv
595,595,lion
596,596,haemophilusinfluenza
597,597,phleboviru
598,598,lightning(light)
599,599,careersandprofess
600,600,stock
601,601,bond
602,602,financ
603,603,parainfluenza
604,604,sarbecoviru
605,605,eukaryot
606,606,fluluent
607,607,bathroomsandmotel
608,608,bankingandfin
609,609,stemcel
610,610,elderli
611,611,endocrinolog
612,612,viralbiolog
613,613,cytoplasm
614,614,nanomateri
615,615,inositol
616,616,lymphocyt
617,617,tlymphocyt
618,618,kegg(kyotoencyclopediaofgenesandgenomes)
619,619,katnb1
620,620,bisha(southafrica)
621,621,minesandmin
622,622,microbiologyandbiochemistri
623,623,laivimmun
624,624,rnai
625,625,nursinghom
626,626,ge
627,627,birthcontrolandfamilyplan
628,628,forecastingandforecast
629,629,hepatocellularcarcinoma
630,630,neurofuzzi
631,631,extentanddynamicevolutionoflung
632,632,dromedarycamel
633,633,currenc
634,634,nasalspray
635,635,oxidativestress
636,636,dcp1
637,637,dcp2
638,638,three
639,639,arabianpeninsula
640,640,nf-κb
641,641,epigeneticsandhered
642,642,coloncanc
643,643,alpha-interferon
644,644,ribavirin
645,645,pneumococcalpore-formingtoxin
646,646,sequenc
647,647,dynein-mediatedtransport
648,648,unitedn
649,649,koreanwar(1950-)
650,650,vaccinesimmunizationandimmun
651,651,hormagglutinin
652,652,spanishpyrene
653,653,breedingandgarden
654,654,poultri
655,655,handwashingandhandwash
656,656,hazardousandtoxicsubst
657,657,pipelineinfluenza
658,658,hemispher
659,659,serum
660,660,polymerasechainreact
661,661,2-bromopalmiticacid(2bp)
662,662,grossdomesticproduct
663,663,soccer
664,664,288
665,665,hemagglutination-inhibition(hi)assay
666,666,displacedpeopl
667,667,internallydisplacedpeopl
668,668,housingandrealest
669,669,wash
670,670,cell
671,671,antigen
672,672,nine
673,673,companyreport
674,674,102
675,675,zikaviru
676,676,fe(c)
677,677,hepatitiscviru
678,678,habitatdisturb
679,679,climatechang
680,680,globalwarm
681,681,peromyscusmaniculatu
682,682,gdp
683,683,censu
684,684,newyorkc
685,685,marmoset
686,686,biodefens
687,687,typhoidfev
688,688,bird
689,689,nucleoplasm
690,690,nucleu
691,691,wuhancitychina
692,692,age
693,693,parenchym
694,694,men
695,695,women
696,696,p<.001
697,697,personalprotectiveequip
698,698,hadv-55viremia
699,699,arthropod
700,700,basebal
701,701,hcovsnl63
702,702,hku1
703,703,nl43
704,704,patternrecognitionreceptors(prrs)
705,705,worldhealthorgan
706,706,westchestercounty(ny)
707,707,kidney
708,708,nociceptivenerveend
709,709,joint
710,710,sleep
711,711,e-30
712,712,paleontolog
713,713,nasalcav
714,714,vocationaltrain
715,715,memori
716,716,realtimertl
717,717,calfsepticemia
718,718,t
719,719,flu
720,720,shipsandship
721,721,pbd
722,722,deliveri
723,723,deliveryservic
724,724,a(h7n9)
725,725,pleuraledema
726,726,swarmintellig
727,727,lymphoblast
728,728,toxinsaandb
729,729,symptom
730,730,pesticid
731,731,immunoglobulin(ig)
732,732,hcmv
733,733,kshv
734,734,biolog
735,735,fisherfish
736,736,rrt-pcr
737,737,hps(hantaviirus)
738,738,tnfα
739,739,athleticsandsport
740,740,mauritiu
741,741,madagascar
742,742,india
743,743,genetherapi
744,744,aid
745,745,hantaanviru
746,746,ceacam1-4landceacam2-3l
747,747,blood
748,748,polypeptid
749,749,hous
750,750,katnal2
751,751,nurs
752,752,atp1a1
753,753,phb
754,754,influenzaviru
755,755,transport
756,756,ip-10
757,757,franceinstituteforpublichealthsurveil
758,758,humanrightsandhumanrightsviol
759,759,four
760,760,hepatocyt
761,761,economi
762,762,duck
763,763,humanpapillomaviru
764,764,h1n1virus
765,765,dipeptidylpeptidase4(dpp4)
766,766,dna(deoxi
767,767,btcov/rh/yn2012
768,768,foodcontaminationandpoison
769,769,food
770,770,biofuel
771,771,réseausentinel
772,772,β3integrin
773,773,indianoceanisland
774,774,serumigg
775,775,mucosalsiga
776,776,bia
777,777,recallsandban
778,778,chronicrespiratorydiseas
779,779,hepatitisandhormon
780,780,tc83
781,781,liver
782,782,h275i
783,783,ccl3l1
784,784,earthquak
785,785,encephalopathi
786,786,hemorrhagicnecrosi
787,787,caspas
788,788,apoptosi
789,789,bronchiti
790,790,motherhood
791,791,transplant
792,792,malnutrit
793,793,citifmonte.com/ghana
794,794,membraneprotein
795,795,ebc
796,796,rtube™
797,797,lymphoma
798,798,galt
799,799,polymeras
800,800,polym
801,801,cultur
802,802,jev
803,803,yf
804,804,davcultur
805,805,fe
806,806,ccamel
807,807,spiratorytract
808,808,inflammatoryrespons
809,809,enceph
810,810,maternalenceph
811,811,sorethroat
812,812,phagecoatprotein
813,813,fringegroup
814,814,discreterenew
815,815,recordsandachiev
816,816,cytopathogeniceffect
817,817,chikungunyafev
818,818,niaid
819,819,nationalinstituteofallergyandinfect
820,820,syncytialviru
821,821,hbvpres1
822,822,airwaydiseas
823,823,inflammatoryandtoxicsubst
824,824,ill
825,825,cireoi
826,826,ilc2
827,827,ryu(ryu)
828,828,arthriti
829,829,vacciniaviru
830,830,vancomycin
831,831,transmiss
832,832,mers-covnucleocapsid
833,833,movi
834,834,worldwari(1939-45)
835,835,socialconditionsandtrend
836,836,schools(k-12)
837,837,univers
838,838,influenzaa(h2n2)
839,839,alcoholicbeverag
840,840,airwayepithelialcel
841,841,mergersacquisitionsanddivestitur
842,842,riyadh
843,843,athleticsandbiochemistri
844,844,fpa
845,845,golg(game)
846,846,golf
847,847,nhr
848,848,germani
849,849,rescuepolymerasechainreaction(rpcr)
850,850,cc50
851,851,centralnervoussystem
852,852,celltrackergreencmfdady
853,853,endoplasmicreticulum-golgiintermediatecomplex(ergic)
854,854,g
855,855,realest
856,856,x-raycrystallographi
857,857,hcov‐hku1
858,858,evd
859,859,replic
860,860,chicago(ill)
861,861,airtravel
862,862,investigationandinvestig
863,863,zoonoticdiseas
864,864,mother-to-childtransmiss
865,865,superoxidedismutas
866,866,malaysia
867,867,middleeastandafricaunrest(2010-)
868,868,n95mask
869,869,pyrene
870,870,pig
871,871,corticosteroid
872,872,usdollar(currency)
873,873,californiadepartmentofpublichealth
874,874,seven
875,875,h1n1(09)pdm
876,876,signalingmolecul
877,877,prome
878,878,zanamivir(drug)
879,879,transcriptionpolymerasechainreact
880,880,mannose-bindinglectin(mbl)
881,881,h3n2lin-lineag
882,882,coronavirusoc43
883,883,shoppingandretail
884,884,huananseafoodwholesalemarket
885,885,bronchiol
886,886,ili
887,887,hcov-oc43
888,888,hcovs-229
889,889,poll
890,890,neat1
891,891,chronicobstructivepulmonarydiseas
892,892,ecoli
893,893,lacticacidbacteria
894,894,restaur
895,895,tumornecrosisfactor-α
896,896,endothelialcel
897,897,neurobiologyandbiochemistri
898,898,phosphatas
899,899,lassaviru
900,900,lasv
901,901,pacer
902,902,plasmaviralrna
903,903,endocytosi
904,904,endosom
905,905,hemagglutinin(ha)
906,906,neuraminidase(na)
907,907,aquacultur
908,908,immuneimmunolog
909,909,rat
910,910,aandb
911,911,inﬂuenza
912,912,fipv
913,913,lavag
914,914,virusrna
915,915,hemagglutinin(ha)glycosyl
916,916,steroid
917,917,haemophilusinfluenzaetypeb
918,918,streptococcuspneumonia
919,919,v
920,920,globalinitiativeonsharingallinfluenzadata(gisaid)
921,921,reservoir-people(rp)
922,922,rhodophycea
923,923,fda
924,924,lareunionislands(india)
925,925,sinnombreviru
926,926,artificialintellig
927,927,mersorf1ab
928,928,pulmonaryedema
929,929,chlorine(pharmaceuticals)
930,930,two
931,931,phagepviii
932,932,chestradiographi
933,933,microvascularendothelium
934,934,elisa
935,935,cdph
936,936,lopinavir/ritonavir
937,937,interferonbeta1b
938,938,inter
939,939,travel
940,940,tourism
941,941,doping(sports)
942,942,structuresandstructur
943,943,unitednationsframeworkconventiononclimatechang
944,944,199
945,945,suitsandlitig
946,946,lipinskijohn
947,947,lipinskymik
948,948,inflammatorybowelsyndrom
949,949,algorithm
950,950,wuhan
951,951,denaturationstep
952,952,boataccid
953,953,brt
954,954,regulationandderegul
955,955,breath
956,956,transmembran
957,957,water
958,958,sporad
959,959,hubei(china)
960,960,lassaandlujovirus
961,961,humanmetapneumoviru
962,962,singl
963,963,mycobacteri
964,964,proteinkinase-1
965,965,merscoronaviru
966,966,influenzaaviru
967,967,pandemic(h1n1)
968,968,communistpartyofchina
969,969,hantavirusesintheamericasandtheirroleasemergingpathogen
970,970,etiologyofinfluenza-likeil
971,971,sentinelnetworkpractitionersin
972,972,chikungunya
973,973,japanencephalitisviru
974,974,antihantaviraleffect
975,975,h5n1influenzaa
976,976,pyridin
977,977,cysteineproteaseinhibitor
978,978,virusescausinggastroenteritis:theknown
979,979,thenewandthosebeyond
980,980,metapneumoviru
981,981,c.difficile630δermspo0a
982,982,ghana
983,983,neonatalsepticemia
984,984,lncrna
985,985,c-reactiveprotein
986,986,procalcitonin
987,987,viralrespiratorytractinfect
988,988,taiwan
989,989,jefferyktaubenberg
990,990,davidmmor
991,991,mers-covinfect
992,992,riyadhregionallaboratori
993,993,neutralizationinterferingantibodi
994,994,humoralimmunedysfunct
995,995,hiv-1tat
996,996,nucleolu
997,997,ilorinnigeria
998,998,tumor
999,999,piglet
1000,1000,acuterespiratorytractinfect
1001,1001,cypru
1002,1002,gastroenter
1003,1003,uruguay
1004,1004,antigen-specificbcellrespons
1005,1005,fkbp11
1006,1006,alphacoronaviru
1007,1007,livestockdrugsanddiseas
1008,1008,breedingfailureinendangeredbeardedvult
1009,1009,choriomening
1010,1010,rotavirusa
1011,1011,brazil
1012,1012,antivir
1013,1013,gemcitabineandnucleos(t)idesynthesisinhibitor
1014,1014,virusesandevolut
1015,1015,pandemicinfluenza
1016,1016,pph1n1/2009viru
1017,1017,plosmedicin
1018,1018,shenzhen(china)
1019,1019,commonmarmoset
1020,1020,acutehemorrhagicenceph
1021,1021,iceland
1022,1022,venezuelanequineencephalitisviru
1023,1023,epidemicresponseactiv
1024,1024,asepticmening
1025,1025,rnaitherapeuticplatformsforlungdiseas
1026,1026,cabgsurgicalsiteinfectionrisk
1027,1027,patchoulialcohol
1028,1028,influenzaa(h2n2)viru
1029,1029,scienc
1030,1030,vitrobactericidalactivityof4-chloro-2-hydroxi
1031,1031,sigmodonhispidu
1032,1032,hepatitisbviru
1033,1033,mucosalvaccin
1034,1034,lactobacilluscasei-displayedcta
1035,1035,vietnam
1036,1036,escherichiacoli
1037,1037,h1n1vepidem
1038,1038,population-basedpertussisincidenceandriskfactorsininfantslessthan6
1039,1039,nanoporesequenc
1040,1040,epidemicsandimmun
1041,1041,arenavirushemorrhagicfev
1042,1042,nationalcancerinstitut
1043,1043,vitroantiviralactivityofcirculartriplehelixformingoligon
1044,1044,evolutionarydynamicsofthelionpantheraleo
1045,1045,hostandviralpopulationgen
1046,1046,h5n1avianinfluenza
1047,1047,wangara
1048,1048,westafrica
1049,1049,kongo(southafrica)
1050,1050,textil
1051,1051,zulu-american
1052,1052,guncontrol
1053,1053,togo
1054,1054,umaruimam
1055,1055,zarayacob
1056,1056,waldaheywat
1057,1057,dahomean
1058,1058,humansacrific
1059,1059,comorianisland
1060,1060,marriag
1061,1061,al-mustafaabdal-qadiribnal-mustafa
1062,1062,aksum
1063,1063,ezana
1064,1064,kingofaksumezana
1065,1065,swazi
1066,1066,boer
1067,1067,kashnāwīmuhammadal-
1068,1068,mathemat
1069,1069,europeansovereigndebtcrisis(2010-)
1070,1070,saharanempir
1071,1071,saharanst
1072,1072,ottomanempir
1073,1073,kong(china)
1074,1074,greatbritain
1075,1075,asantewar(1839-45)
1076,1076,england
1077,1077,warcrimesgenocideandcrimesagainsthuman
1078,1078,songhai(china)
1079,1079,morocco
1080,1080,kush
1081,1081,architectur
1082,1082,zimbabw
1083,1083,rozvikingdom
1084,1084,kongkong
1085,1085,sekuumarwatara
1086,1086,goldcoast(australia)
1087,1087,marin
1088,1088,art
1089,1089,christian
1090,1090,nubia
1091,1091,dahlakislands(turkey)
1092,1092,languag
1093,1093,djenn
1094,1094,greatmosqueofdjenn
1095,1095,militari
1096,1096,abbagorgoryo
1097,1097,ethiopia
1098,1098,khoe-san
1099,1099,lamu(oman)
1100,1100,salt
1101,1101,kawar(india)
1102,1102,lalibela(india)
1103,1103,pilgrimag
1104,1104,jenne(england)
1105,1105,jenneempire(romanempire)
1106,1106,dahlakisland
1107,1107,bornu(nigeria)
1108,1108,construct
1109,1109,hausa
1110,1110,egypt
1111,1111,kerma
1112,1112,puntegypt
1113,1113,trans-saharanafrica
1114,1114,slaveri
1115,1115,oyoempir
1116,1116,netherland
1117,1117,songhaiempir
1118,1118,bandiagara(india)
1119,1119,umaruumaru
1120,1120,hegelhegel
1121,1121,centralafricanrepubl
1122,1122,oboui
1123,1123,sakalava(india)
1124,1124,citi
1125,1125,mero
1126,1126,meroekingdomofkush
1127,1127,romanempir
1128,1128,mbunzambunza
1129,1129,umaral-fakiahmadumar
1130,1130,igboukwu
1131,1131,algeria
1132,1132,"""tassilinajjer"""
1133,1133,samoritur
1134,1134,turesamori
1135,1135,vaiscript
1136,1136,vailanguag
1137,1137,ibrahimdabo
1138,1138,oman
1139,1139,zanzibar
1140,1140,darfur
1141,1141,hausaland(westafrica)
1142,1142,textileindustri
1143,1143,swahililanguag
1144,1144,religionandbelief
1145,1145,tarikhal-fattash
1146,1146,bornu
1147,1147,swahili
1148,1148,kahendakahenda
1149,1149,khauxana
1150,1150,gao(china)
1151,1151,musamansa
1152,1152,mansamusa
1153,1153,bayajida
1154,1154,kano(japan)
1155,1155,rumfarumfa
1156,1156,henryviii
1157,1157,ewostatewo
1158,1158,armenia
1159,1159,gondar(egypt)
1160,1160,geledikingdom(romanempire)
1161,1161,benin
1162,1162,loango
1163,1163,loangokingdom
1164,1164,tradeandworldmarket
1165,1165,mutapa
1166,1166,saharanisland
1167,1167,gondar(spain)
1168,1168,historicbuildingsandsit
1169,1169,archaeolog
1170,1170,butua
1171,1171,jimma
1172,1172,buganda(southafrica)
1173,1173,turkey
1174,1174,funj
1175,1175,hammukasa
1176,1176,ivori
1177,1177,maiomba
1178,1178,isi
1179,1179,isil
1180,1180,islamicst
1181,1181,mapungubwe(southafrica)
1182,1182,mombasa
1183,1183,historicpreserv
1184,1184,ovimbundu(nigeria)
1185,1185,trademarksandtrad
1186,1186,sudan
1187,1187,eritrea
1188,1188,puntsudan
1189,1189,neolith
1190,1190,hatata(book)
1191,1191,kongokingdomofkongo(china)
1192,1192,dibonenjo
1193,1193,meinhofcarl
1194,1194,acemogluacemoglu
1195,1195,robinsonrobinson
1196,1196,kilwachronicl
1197,1197,abomey(ny)
1198,1198,ghazawātbarnū
1199,1199,afghanistan
1200,1200,shirazi
1201,1201,angola
1202,1202,kahenda
1203,1203,internationaltrad
1204,1204,roapejourn
1205,1205,oyo
1206,1206,kongo
1207,1207,kingofkongokongo
1208,1208,acemogluandrobinson
1209,1209,austingareth
1210,1210,manufactur
1211,1211,dorugu
1212,1212,languageandlanguag
1213,1213,goa
1214,1214,ajuranempir
1215,1215,turealmamy(imam)
1216,1216,beatrizkimpavita
1217,1217,asantekingdom
1218,1218,islamicempir
1219,1219,bellomuhammad
1220,1220,sokotocaliph
1221,1221,eastafrica
1222,1222,harar(india)
1223,1223,nassau(netherlands)
1224,1224,lamuislands(china)
1225,1225,shiitemuslim
1226,1226,ngazidja
1227,1227,hornofafrica
1228,1228,singovenda
1229,1229,rozvi
1230,1230,geledi
1231,1231,rahanwiin
1232,1232,nanaasmau
1233,1233,sokoto
1234,1234,jenne(france)
1235,1235,bunyoro(burma)
1236,1236,massina
1237,1237,hamdullahi
1238,1238,massinamassina
1239,1239,israel
1240,1240,dakhletelatroussi
1241,1241,shanakdakhet
1242,1242,zagw
1243,1243,hausa(alaska)
1244,1244,mfecan
1245,1245,monasteriesandmonasteri
1246,1246,afghanistanwar(1939-45)
1247,1247,ummayad
1248,1248,ethnic
1249,1249,portug
1250,1250,aksumit
1251,1251,grandecomor
1252,1252,dahlakislands(malaysia)
1253,1253,najahidnajahid
1254,1254,merina
1255,1255,radamaofmerina
1256,1256,somalia
1257,1257,tipsandtrick
1258,1258,bari(persia)
1259,1259,islamiccivil
1260,1260,bari(persianpeninsula)
1261,1261,bengo(colombia)
1262,1262,sakalava
1263,1263,thulamela(southafrica)
1264,1264,royalpilgrimag
1265,1265,tukarina
1266,1266,jerusalem
1267,1267,jewsandjuda
1268,1268,zinder
1269,1269,merina(calif)
1270,1270,muslimamerican
1271,1271,oraltradit
1272,1272,buganda
1273,1273,njoyanjoya
1274,1274,ahmadbaba
1275,1275,umarual-kanawi
1276,1276,klaasklaa
1277,1277,arabiclanguag
1278,1278,muslimsandislam
1279,1279,tichitt(westafrica)
1280,1280,muhammadzhafiral-madani
1281,1281,oilandgasolin
1282,1282,kotoko(japan)
1283,1283,houloufmoham
1284,1284,harar
1285,1285,maliempir
1286,1286,mali
1287,1287,archiv
1288,1288,ndembu
1289,1289,lukasamemoryboard
1290,1290,makuria
1291,1291,fatimidcaliph
1292,1292,ayyubidcaliph
1293,1293,kebranagast
1294,1294,amural-omeri
1295,1295,rome
1296,1296,abomey
1297,1297,meroe(nubia)
1298,1298,britishempir
1299,1299,ovimbundu
1300,1300,kasanj
1301,1301,civilwarandguerrillawarfar
1302,1302,kawarisland
1303,1303,neolithicandneolithiccultur
1304,1304,northernhornofafrica
1305,1305,inventionsandpat
1306,1306,botswana
1307,1307,stone
1308,1308,kano
1309,1309,harar(egypt)
1310,1310,ghanaempir
1311,1311,brava(brazil)
1312,1312,restorationandrenov
1313,1313,atlanticocean
1314,1314,shroda(southafrica)
1315,1315,coloni
1316,1316,solomonicdynasti
1317,1317,al-azharunivers
1318,1318,harar(syria)
1319,1319,walasmadynasti
1320,1320,asianpacificarea
1321,1321,southeastasiaandpacificarea
1322,1322,hararīšayḫhāšimal-
1323,1323,zulukingdom
1324,1324,bamumscript
1325,1325,zeila(turkey)
1326,1326,muslimwomen
1327,1327,mapungubw
1328,1328,gold(petroleum)andminer
1329,1329,kingofegypt
1330,1330,emperorofegypt
1331,1331,ghaziahmadal-
1332,1332,bamum
1333,1333,africanhistoryextra
1334,1334,medina
1335,1335,ancientegypt
1336,1336,brava(japan)
1337,1337,hatimi
1338,1338,musamusa
1339,1339,majand
1340,1340,shape
1341,1341,atlanticslavetrad
1342,1342,pyramid
1343,1343,askiyadynasti
1344,1344,songhay
1345,1345,zeila(syria)
1346,1346,kushkush
1347,1347,harar(pakistan)
1348,1348,ungujaukuu
1349,1349,landus
1350,1350,aksumiteempir
1351,1351,travelogu
1352,1352,middleag
1353,1353,keira
1354,1354,gonjaghana
1355,1355,kilwa
1356,1356,wadaikingdom(india)
1357,1357,dawuddynasti
1358,1358,dyula
1359,1359,asmaunana
1360,1360,mangbetu
1361,1361,njinganjinga
1362,1362,ndongo-matamba
1363,1363,erythraeansea
1364,1364,raceandethn
1365,1365,lamu(china)
1366,1366,kawar(calif)
1367,1367,organizedlabor
1368,1368,mangbetukingdom
1369,1369,museum
1370,1370,dogon
1371,1371,windhoek(namibia)
1372,1372,adal(egypt)
1373,1373,adalkingdom(saudiarabia)
1374,1374,teshaletibebu
1375,1375,ife(ethiopia)
1376,1376,gonjakingdom
1377,1377,gronja
1378,1378,arabspr
1379,1379,gold
1380,1380,kano(kano)
1381,1381,barkamalam
1382,1382,meroedynasti
1383,1383,jenne(ivorycoast)
1384,1384,hausa(ala)
1385,1385,statelegislatur
1386,1386,kahenda(india)
1387,1387,logone(japan)
1388,1388,saharadesert
1389,1389,kingsandk
1390,1390,chad
1391,1391,lakechad
1392,1392,asanteempir
1393,1393,alwaliii
1394,1394,philosophi
1395,1395,arabicscript
1396,1396,majeerteensultanate(sultanateofbrunei)
1397,1397,abban
1398,1398,amanirena
1399,1399,pilgrimagetomecca
1400,1400,ndongo(congo)
1401,1401,obalufonofif
1402,1402,europeancoloni
1403,1403,sub-saharanafrica
1404,1404,nzwani(kenya)
1405,1405,maduwadynasti
1406,1406,tirmini(italy)
1407,1407,tirania(italy)
1408,1408,philanthropi
1409,1409,commun
1410,1410,dantafa
1411,1411,tafadan
1412,1412,benin(benin)
1413,1413,luuqsomalia
1414,1414,meroemero
1415,1415,greec
1416,1416,sultanateofmajeerteen
1417,1417,greatlakes(us)
1418,1418,tutsi
1419,1419,hutu
1420,1420,zeila
1421,1421,zeilaunivers
1422,1422,kanawiumarual-
1423,1423,sierraleon
1424,1424,muhammedalibensaid
1425,1425,sahara
1426,1426,bornu(ethiopia)
1427,1427,fasilädäscastl
1428,1428,yemen
1429,1429,najahiddynasti
1430,1430,cameroon
1431,1431,mandara
1432,1432,landtenur
1433,1433,mavhura
1434,1434,treatiesandtreati
1435,1435,abolition
1436,1436,kilwa(ireland)
1437,1437,embargoesandeconomicsanct
1438,1438,catholicchurch
1439,1439,matamba(colombia)
1440,1440,nzwani
1441,1441,oromo
1442,1442,azer
1443,1443,azeristan
1444,1444,malindi
1445,1445,romancatholicchurch
1446,1446,candac
1447,1447,meroiticmonarchi
1448,1448,write
1449,1449,dembo
1450,1450,lozikingdom
1451,1451,gao
1452,1452,middlenil
1453,1453,brava(spain)
1454,1454,makuria(china)
1455,1455,rashidun(islamicstate)
1456,1456,pyramidsandpyramid
1457,1457,meroe(egypt)
1458,1458,khoe
1459,1459,franciscodealmeida
1460,1460,hatata
1461,1461,massinaempir
1462,1462,hors
1463,1463,basotho
1464,1464,madzimbabw
1465,1465,eurocentr
1466,1466,london(england)
1467,1467,lewanikalewanika
1468,1468,lamu(india)
1469,1469,ifat(egypt)
1470,1470,gondar(romanempire)
1471,1471,engin
1472,1472,bamum(westafrica)
1473,1473,europeancolon
1474,1474,aneho(brazil)
1475,1475,tuareg
1476,1476,kawar
1477,1477,nuhal-tahir
1478,1478,obalufon
1479,1479,lamu(brazil)
1480,1480,swaziempir
1481,1481,swaziswazi
1482,1482,saharan
1483,1483,grandecomore(france)
1484,1484,ireland
1485,1485,urbanarea
1486,1486,kuba
1487,1487,majeerteensultan
1488,1488,redsea
1489,1489,sapi
1490,1490,jenn
1491,1491,abbajifarii
1492,1492,kingofsaudiarabiaabbai
1493,1493,jakhiteabdal-rahmán
1494,1494,taharqo
1495,1495,kingoftaharqo
1496,1496,katsinakatsina
1497,1497,sweden
1498,1498,solomonid
1499,1499,xhosa
1500,1500,menelikii
1501,1501,yohannesiv
1502,1502,mahdiyya
1503,1503,cloth
1504,1504,aksumitekingdom
1505,1505,bronz
1506,1506,archivesandrecord
1507,1507,tebu
1508,1508,fodiousmandanfodio
1509,1509,heinrichbarth
1510,1510,kubakingdom
1511,1511,ezenri
1512,1512,colombia
1513,1513,kongokingdomofkongo
1514,1514,asant
1515,1515,dahomey
1516,1516,poetri
1517,1517,loango(southafrica)
1518,1518,dahlak(sweden)
1519,1519,historyandanthropolog
1520,1520,dogondogon
1521,1521,festiv
1522,1522,esigieesigi
1523,1523,ibnsina
1524,1524,kashnāwīham
1525,1525,tanimun
1526,1526,timbuktu
1527,1527,gezogezo
1528,1528,mutapa(mexico)
1529,1529,dombochangamir
1530,1530,zulu
1531,1531,jakobmarengo
1532,1532,"""zarayacobshatata"""
1533,1533,khauxanas(india)
1534,1534,wadaikingdom
1535,1535,malambakar
1536,1536,yusufali
1537,1537,mombasa(southafrica)
1538,1538,ansafamili
1539,1539,anglo-asant
1540,1540,zeila(switzerland)
1541,1541,vai
1542,1542,kongo(china)
1543,1543,flinderspetri
1544,1544,punt
1545,1545,libya
1546,1546,duwalubukelemomulukpolo
1547,1547,duwal
1548,1548,mosqu
1549,1549,lagosnigeria
1550,1550,shitta-beymosqu
1551,1551,agajaagaja
1552,1552,amuntempl
1553,1553,archipelago
1554,1554,merinafr
1555,1555,merina(spain)
1556,1556,commod
1557,1557,lunda
1558,1558,royalfamili
1559,1559,grandecomore(italy)
1560,1560,njinga
1561,1561,southernafrica
1562,1562,noubadian
1563,1563,rashiduncaliph
1564,1564,saharanafrica
1565,1565,queenelizabethii
1566,1566,kano(westafrica)
1567,1567,wangara(china)
1568,1568,gonjakingdom(china)
1569,1569,piraci
1570,1570,kushiteempir
1571,1571,sakalavaindian
1572,1572,burma
1573,1573,zulu-nat
1574,1574,kingoflozi
1575,1575,damagaram(india)
1576,1576,ibrahimsarki
1577,1577,explor
1578,1578,abakariselim
1579,1579,kalmykia(russia)
1580,1580,malagasi
1581,1581,antananarivo
1582,1582,najamuddinshah
1583,1583,hausalandnigeria
1584,1584,armenian
1585,1585,empressmentewwab
1586,1586,jamesbruc
1587,1587,discoveryandexplor
1588,1588,defenseandmilitaryforc
1589,1589,mutapa(colombia)
1590,1590,muhammadsalmaal-zurruq
1591,1591,plaqu
1592,1592,dukeofsaxoni
1593,1593,carlmeinhof
1594,1594,sulayhid
1595,1595,kano(nigeria)
1596,1596,cotton
1597,1597,afghanistanwar(2001-)
1598,1598,alawifamili
1599,1599,africannationalcongress
1600,1600,lukasa
1601,1601,memoryboard
1602,1602,jennewestafrica
1603,1603,danyaya
1604,1604,afrocentr
1605,1605,iru
1606,1606,hassanmuhammadabdil
1607,1607,collegesandunivers
1608,1608,haiti
1609,1609,luba
1610,1610,kaditshwene(southafrica)
1611,1611,vascodagama
1612,1612,ambassador
1613,1613,nanabello
1614,1614,muhammadbello
1615,1615,lunda(sweden)
1616,1616,meroiticempir
1617,1617,kongokongo
1618,1618,acemogluahmet
1619,1619,sculptur
1620,1620,ancientif
1621,1621,beninwar(1939-45)
1622,1622,tichitt
1623,1623,wadan
1624,1624,chinguetti
1625,1625,aksum(africa)
1626,1626,meccan
1627,1627,abdallāhal-i
1628,1628,solomonicempir
1629,1629,"""cotedivoire"""
1630,1630,burkinafaso
1631,1631,songdynasti
1632,1632,jesuit
1633,1633,tewodro
1634,1634,gondargondar
1635,1635,blackpeopl
1636,1636,bornuempir
1637,1637,mtorobinmwinyibakari
1638,1638,carlvelten
1639,1639,armenian-american
1640,1640,zanzibar(southafrica)
1641,1641,tanzania
1642,1642,johnthornton
1643,1643,caliphal(romancatholicchurch)
1644,1644,zululanguag
1645,1645,kuntafamili
1646,1646,saadianempir
1647,1647,warcrim
1648,1648,genocid
1649,1649,crimesagainsthuman
1650,1650,anglo-bunyoro
1651,1651,swaziland
1652,1652,juula
1653,1653,dyuula
1654,1654,jenne(china)
1655,1655,tukulor
1656,1656,jerusalem(israel)
1657,1657,kongkong(indonesia)
1658,1658,explorationandexplor
1659,1659,rumfa
1660,1660,comoros(colombia)
1661,1661,kimpasikingdomofkongo
1662,1662,note
1663,1663,rasmäkonnen
1664,1664,sultan
1665,1665,thelastsupp
1666,1666,indigenouspeopl
1667,1667,sapiivori
1668,1668,zengjianigiani
1669,1669,northafricanberb
1670,1670,diplomatsembassiesandconsul
1671,1671,dahlakislands(sweden)
1672,1672,nilevalley(egypt)
1673,1673,eurocrisi
1674,1674,senegambia
1675,1675,sofala(ivorycoast)
1676,1676,säggazäab
1677,1677,monksandmonk
1678,1678,obaoba
1679,1679,obaesigi
1680,1680,suback(book)
1681,1681,basorun
1682,1682,dahlak
1683,1683,ziyadid
1684,1684,saww(mersagawasis)
1685,1685,secretsocieti
1686,1686,gondarin
1687,1687,ivorytrad
1688,1688,gunpowd
1689,1689,damagaramsultan
1690,1690,nilevalleyegypt
1691,1691,muhammadrumfa
1692,1692,lewanika
1693,1693,kingoftanzanialewanika
1694,1694,kingdomofkongkong
1695,1695,kingdomofkush
1696,1696,timbuktu(tibet)
1697,1697,meroe(nigeria)
1698,1698,alibeg
1699,1699,brava(portugal)
1700,1700,seminaroforientallanguag
1701,1701,kushpyramid
1702,1702,meroit
1703,1703,abdal-rahmanal-jabarti
1704,1704,ab
1705,1705,tusk
1706,1706,saharasahara
1707,1707,sufimystic
1708,1708,ironwork
1709,1709,solomoniddynastyethiopia
1710,1710,sobhuzasobhuza
1711,1711,seneg
1712,1712,radama
1713,1713,djado(niger)
1714,1714,sokoto(japan)
1715,1715,pre-aksumit
1716,1716,ife
1717,1717,geographi
1718,1718,moroccan
1719,1719,lozikingdom(southafrica)
1720,1720,steelandiron
1721,1721,kingdomofkongo
1722,1722,greatzimbabw
1723,1723,carlmauch
1724,1724,hararunivers
1725,1725,glass
1726,1726,mangbetu(kenya)
1727,1727,namibia
1728,1728,solomonicdynastyethiopia
1729,1729,suyutijalalal-
1730,1730,philosophyandphilosophi
1731,1731,treesandshrub
1732,1732,damagaramsultanate(india)
1733,1733,sultanateofdamagaram
1734,1734,jenneunivers
1735,1735,wangara/dyula
1736,1736,mbandzenimbandeni
1737,1737,buganda(burma)
1738,1738,lozikingdom(china)
1739,1739,faith
1740,1740,hausaland
1741,1741,leoafricanu
1742,1742,potteri
1743,1743,forag
1744,1744,dzata
1745,1745,adalsultanateethiopia
1746,1746,nabiembali
1747,1747,cave
1748,1748,petermukurimakemb
1749,1749,gonja(spain)
1750,1750,salaga(spain)
1751,1751,metallurgi
1752,1752,houlouf(egypt)
1753,1753,addisababa(ethiopia)
1754,1754,gondar(eth
1755,1755,oyoempire(japan)
1756,1756,suezcan
1757,1757,sultanateofmajeerteensultanateofegypt
1758,1758,suez
1759,1759,zayla(egypt)
1760,1760,punt(southafrica)
1761,1761,mangbetu(southafrica)
1762,1762,sundiatasundiata
1763,1763,romanegypt
1764,1764,patep
1765,1765,lamulamu
1766,1766,stonetown
1767,1767,asantestate(nigeria)
1768,1768,north-eastafrica
1769,1769,adwa(ethiopia)
1770,1770,tewodrosii
1771,1771,metal
1772,1772,eugeniaherbert
1773,1773,orlamclan
1774,1774,capecoloni
1775,1775,meroe(switzerland)
1776,1776,capit
1777,1777,leonornzingaanlaza
1778,1778,kalmyk
1779,1779,maasai
1780,1780,selimabakari
1781,1781,tumbatu
1782,1782,mmecca
1783,1783,monumentsandmemori
1784,1784,queenwabedja
1785,1785,massinaempire(romanempire)
1786,1786,nuhal-tah
1787,1787,abomey(egypt)
1788,1788,ibrahimal-kanimi
1789,1789,marakesh
1790,1790,almohad
1791,1791,armscontrol
1792,1792,gun
1793,1793,asante(italy)
1794,1794,radamaradama
1795,1795,ranavalona
1796,1796,vilikingdomofloango
1797,1797,internationaltradeandworldmarket
1798,1798,trucksandtruck
1799,1799,librarianship
1800,1800,mauritania
1801,1801,timbuktu(tanzania)
1802,1802,beninkingdom
1803,1803,makuria(italy)
1804,1804,lugardlugard
1805,1805,mombasa(kenya)
1806,1806,napatankingdomofkush
1807,1807,patreon
1808,1808,alidinar
1809,1809,meroe(oregon)
1810,1810,sultanofbornu
1811,1811,barqūqal-ẓāhir
1812,1812,jabartihasan
1813,1813,takruri
1814,1814,tswana(southafrica)
1815,1815,mogadishu(somalia)
1816,1816,brava
1817,1817,meroe(denmark)
1818,1818,education(k-12)
1819,1819,africanphilosophi
1820,1820,hatatahatata
1821,1821,mujahidnuribnmujahid
1822,1822,ethnicgroup
1823,1823,dahomey(egypt)
1824,1824,domconstantino
1825,1825,kidanemehret
1826,1826,palestinian
1827,1827,westafricanquart
1828,1828,al-fullānī
1829,1829,alqaeda
1830,1830,falsafa
1831,1831,ibnbattuta
1832,1832,darfur(syria)
1833,1833,abdal-rahmanabdal-
1834,1834,selimiii
1835,1835,kawar(indonesia)
1836,1836,beatrizbeatriz
1837,1837,shipbuild
1838,1838,maghreb
1839,1839,lalibela
1840,1840,mazruimazrui
1841,1841,amanirenasamanirena
1842,1842,massina(westafrica)
1843,1843,nigerriv
1844,1844,jennenigeria
1845,1845,rozvikingdom(india)
1846,1846,alisharmarkay
1847,1847,gondar
1848,1848,generalhistoryofafrica
1849,1849,omansultan
1850,1850,textilesandtextil
1851,1851,k-12educ
1852,1852,kete-krachi
1853,1853,abdal-qadiribnal-mustafa
1854,1854,aksum(egypt)
1855,1855,humansettl
1856,1856,europeansettl
1857,1857,bahjatal-āfq
1858,1858,watara
1859,1859,asante(egypt)
1860,1860,armamentdefenseandmilitaryforc
1861,1861,zulu(zulu-natal)
1862,1862,saadianempire(morocco
1863,1863,sonongui
1864,1864,kong
1865,1865,bightofbenin(benin)
1866,1866,merrieafrica
1867,1867,khoesan
1868,1868,oman(oman)
1869,1869,lalibela(israel)
1870,1870,songhai
1871,1871,dahlakislands(egypt)
1872,1872,ndongo
1873,1873,songhaiempire(china)
1874,1874,imamumaru
1875,1875,hegeljohann
1876,1876,oboui(egypt)
1877,1877,comorianempir
1878,1878,meroe(china)
1879,1879,kush(romanempire)
1880,1880,nangazizi
1881,1881,al-fakiahmadumar
1882,1882,fulb
1883,1883,sultanofzanzibarseyyidsaid
1884,1884,darfur(egypt)
1885,1885,tahirnuhal-
1886,1886,kahenda(kenya)
1887,1887,khauxanas(namibia)
1888,1888,capecolony(southafrica)
1889,1889,songhay(china)
1890,1890,ife(westafrica)
1891,1891,blankejohn
1892,1892,gondar(india)
1893,1893,emperors(emperors)
1894,1894,mutapa(africa)
1895,1895,saharan(india)
1896,1896,butua(china)
1897,1897,funjkingdom(turkey)
1898,1898,saiisland(japan)
1899,1899,kintukintu
1900,1900,kimerakimera
1901,1901,toweroflondon
1902,1902,daganagara(india)
1903,1903,broeckevandenbroeck
1904,1904,unitedarabemir
1905,1905,mozambiqu
1906,1906,punt(sudan)
1907,1907,njodibon
1908,1908,persiangulf
1909,1909,khoe-san(chineselanguage)
1910,1910,ibnfurtu
1911,1911,persianlanguag
1912,1912,oyoempire(india)
1913,1913,austindavid
1914,1914,cookingandcookbook
1915,1915,domdiogo
1916,1916,mogadishu
1917,1917,venic
1918,1918,road
1919,1919,stationsandmemori
1920,1920,hadrami(persianislands)
1921,1921,migueldecastro
1922,1922,hawiy
1923,1923,onacultur
1924,1924,sokotoempir
1925,1925,bunyoro(ethiopia)
1926,1926,hamdullahi(iran)
1927,1927,massina(romanempire)
1928,1928,hausa(germany)
1929,1929,shakashaka
1930,1930,berber
1931,1931,grandecomore(switzerland)
1932,1932,dahlakarchipelago(egypt)
1933,1933,shebelle(france)
1934,1934,bari(spain)
1935,1935,hegeljoseph
1936,1936,ndongondongo
1937,1937,assassinationsandattemptedassassin
1938,1938,thulamela(india)
1939,1939,kanem-bornu
1940,1940,zinder(india)
1941,1941,sanusi(muslimbrotherhood)
1942,1942,muslimbrotherhood
1943,1943,houlouf(syria)
1944,1944,abdullahiabdullahi
1945,1945,ndembu(ethiopia)
1946,1946,astronomyandastrophys
1947,1947,kanemempir
1948,1948,kememkanem
1949,1949,"""dmt"""
1950,1950,mosesgeorg
1951,1951,ndebele(southafrica)
1952,1952,human
1953,1953,assnofsoutheastasiaandpacificarea
1954,1954,westafricanlanguagesandlanguag
1955,1955,sailboatsandsail
1956,1956,dogon(dogon)
1957,1957,yǝkunnoamlak
1958,1958,hars(syria)
1959,1959,dahlakislands(yemen)
1960,1960,hararīhāšimal-
1961,1961,bilingu
1962,1962,taʾrīḫal-walasmaʿ
1963,1963,dahlakarchipelago
1964,1964,ngangamvumbi
1965,1965,imamahmadal-ghazi
1966,1966,adalsultan
1967,1967,bamum(ethiopia)
1968,1968,medina(medina)
1969,1969,europeansovereigndebtcrisis(1939-45)
1970,1970,acem
1971,1971,andalusia(spain)
1972,1972,askiyamuhammad
1973,1973,zeila(netherlands)
1974,1974,andrianampoinimerina
1975,1975,africansovereigndebtcrisis(2010-)
1976,1976,landuseandrealest
1977,1977,isaacsamuel
1978,1978,fiber
1979,1979,sultanofdarfur
1980,1980,trypanosomiasi
1981,1981,gonja(mali)
1982,1982,kilwa(africa)
1983,1983,wadai(india)
1984,1984,mythologyandhered
1985,1985,poetryandpoet
1986,1986,buganda(africa)
1987,1987,lakevictoria(eastafrica)
1988,1988,kush(ancientkingdomofkush)
1989,1989,asia
1990,1990,queennjinga
1991,1991,periplusoftheerythraeansea
1992,1992,sanussiya
1993,1993,artsandcraft
1994,1994,kingdoms(romanempire)
1995,1995,yoruba
1996,1996,nabanaba
1997,1997,bamum(book)
1998,1998,malambarka
1999,1999,jenne(barbados)
2000,2000,alwali
2001,2001,wilheimamo
2002,2002,matrilinealdesc
2003,2003,majeerteen
2004,2004,gonjakingdom(ghana)
2005,2005,luanda
2006,2006,portugal-angola
2007,2007,african
2008,2008,changamir
2009,2009,sarkiamadu
2010,2010,seno(india)
2011,2011,luuq(somalia)
2012,2012,mogadishu(migadishu)
2013,2013,herodotu
2014,2014,sultanateofoman
2015,2015,naqibofmukalla
2016,2016,greatlakesregion(rwanda)
2017,2017,"""zaylaīuthmanal-"""
2018,2018,zay
2019,2019,al-sarhaal-wariqa
2020,2020,goldcoast
2021,2021,bornuempire(china)
2022,2022,fasilädäs(switzerland)
2023,2023,nakibing
2024,2024,abrahaibnabraha
2025,2025,kilwa(ethiopia)
2026,2026,asantekingdomofsouthafrica
2027,2027,britishmuseum
2028,2028,al-burnāwīabdal-azīzal-
2029,2029,sufism
2030,2030,säggazäᵓab
2031,2031,matamba(spain)
2032,2032,nzwani(ethiopia)
2033,2033,southsudan
2034,2034,agiraff
2035,2035,giraff
2036,2036,kush(kush)
2037,2037,dembos(ethiopia)
2038,2038,gao(egypt)
2039,2039,hinduism
2040,2040,brava(southafrica)
2041,2041,kidnap
2042,2042,thehatata(book)
2043,2043,talal-hajju
2044,2044,rhodesia
2045,2045,walasma
2046,2046,gondar(switzerland)
2047,2047,familädäsfasilä
2048,2048,merina(nigeria)
2049,2049,aneho(portugal)
2050,2050,christiansandchristian
2051,2051,keloweyclan
2052,2052,minesandminer
2053,2053,horsemanship
2054,2054,ngazidja(ethiopia)
2055,2055,harar(switzerland)
2056,2056,kilwa(oman)
2057,2057,uthmansultan
2058,2058,sultanuthman
2059,2059,tunjur
2060,2060,wadai
2061,2061,abdal-karim
2062,2062,canada
2063,2063,siddi
2064,2064,jakhitejakhit
2065,2065,rabehrabeh
2066,2066,sudanwar(1939-45)
2067,2067,xhosakingdom(china)
2068,2068,koffo(southafrica)
2069,2069,"""geez"""
2070,2070,kawar(japan)
2071,2071,sheikhusmandanfodio
2072,2072,massina(italy)
2073,2073,bambarabambara
2074,2074,gondarineethiopia
2075,2075,liberia
2076,2076,sahara(egypt)
2077,2077,shyaamambulangoong
2078,2078,nativeauthor
2079,2079,mangbetukingdom(southafrica)
2080,2080,bari(india)
2081,2081,ivorycoast
2082,2082,ivoryisland
2083,2083,dahlak(syria)
2084,2084,najahnajah
2085,2085,egieesigi
2086,2086,harar(africa)
2087,2087,adalempir
2088,2088,teachersandschoolemploye
2089,2089,tanimunsultanate(egypt)
2090,2090,zinder(syria)
2091,2091,timbuktu(westafrica)
2092,2092,gezo
2093,2093,mwangamwanga
2094,2094,changamiredombo
2095,2095,goldcoastghana
2096,2096,nama
2097,2097,orlam
2098,2098,namakhoisan
2099,2099,mpumalanga(southafrica)
2100,2100,bokoni
2101,2101,kanochronicl
2102,2102,alula
2103,2103,swahilicoast
2104,2104,zeila(ethiopia)
2105,2105,tukulorempire(romanempire)
2106,2106,romaneurop
2107,2107,kpoloduwalu
2108,2108,mohammedshittabey
2109,2109,freetown(nigeria)
2110,2110,agaja
2111,2111,templ
2112,2112,dahlak(egypt)
2113,2113,merina(france)
2114,2114,merinakingdom(france)
2115,2115,mediterraneansea
2116,2116,noubadiankingdom
2117,2117,africanunion
2118,2118,wadan(france)
2119,2119,tichitt(france)
2120,2120,njingaofndongo
2121,2121,muhammadal-mustafa
2122,2122,abdullahibinfodio
2123,2123,oyoempire(westafrica)
2124,2124,trade
2125,2125,saharadesert(africa)
2126,2126,goa(india)
2127,2127,lozi(ethiopia)
2128,2128,kalmykia
2129,2129,austronesia
2130,2130,bantu
2131,2131,revolutionaryforces(1939-45)
2132,2132,jenne-jeno(france)
2133,2133,neolithic(stoneage)
2134,2134,travelwrit
2135,2135,gao(spain)
2136,2136,zulu(swazirepublic)
2137,2137,rozvikingdom(romanempire)
2138,2138,kingandriamasinavalona
2139,2139,beri-ifat
2140,2140,najahid
2141,2141,ndongo-matamba(congo-kinshasa)
2142,2142,ngazidja(india)
2143,2143,jenne(westafrica)
2144,2144,alwalialwali
2145,2145,sarkisarki
2146,2146,s
2147,2147,guinea
2148,2148,tlokoa(
2149,2149,koe-san
2150,2150,artsandcraftsmanship
2151,2151,dogonempir
2152,2152,gidadodanlaima
2153,2153,loot
2154,2154,unitedstatesdefenseandmilitaryforc
2155,2155,brava(somalia)
2156,2156,lunda(iceland)
2157,2157,tewodros(ethiopianrepublic)
2158,2158,brava(switzerland)
2159,2159,zawasuah
2160,2160,ajuranempire(india)
2161,2161,thorntonmichael
2162,2162,caliph
2163,2163,zulucultur
2164,2164,wadai(ethnicgroup)
2165,2165,saadiandynasti
2166,2166,tijanit
2167,2167,kimpasi
2168,2168,polyth
2169,2169,imamaḥmad
2170,2170,gabon
2171,2171,maungw
2172,2172,zengjianijiani
2173,2173,solomonicrepublic(romanempire)
2174,2174,granahmad
2175,2175,unitedstatesarmamentanddefens
2176,2176,umayyadcaliph
2177,2177,nilevalley
2178,2178,edwardalp
2179,2179,niger
2180,2180,gold(petroleum)
2181,2181,sofala
2182,2182,yohann
2183,2183,lalibela(colombia)
2184,2184,stationsandchurch
2185,2185,gadl(hagiography)
2186,2186,alaafin
2187,2187,meroe(alaska)
2188,2188,saww(egypt)
2189,2189,packag
2190,2190,sultanateofsultanateofoman
2191,2191,ulama(romanempire)
2192,2192,dynasticegypt
2193,2193,kushkingdomofkush(africa)
2194,2194,timbuktu(tim)
2195,2195,kilwa(egypt)
2196,2196,sulaimanbinsaid
2197,2197,kush(egypt)
2198,2198,tunbuktīmuḥammadibnsaʿīdal-
2199,2199,photographi
2200,2200,mamluk
2201,2201,nuwayrīšihābal-n
2202,2202,saharandesert(pakistan)
2203,2203,blacksmith
2204,2204,solomoniddynasti
2205,2205,boina
2206,2206,merinaempir
2207,2207,majunga(japan)
2208,2208,clappertonhugh
2209,2209,najahiddynasty(egypt)
2210,2210,recyclingandreorgan
2211,2211,kanda
2212,2212,makuria(egypt)
2213,2213,manziga
2214,2214,kingmanziga
2215,2215,nama-speakingkhoe-san
2216,2216,illegalimmigr
2217,2217,wallsandtowel
2218,2218,al-mutawakkilii
2219,2219,merchant
2220,2220,mallamyunu
2221,2221,swazikingdom
2222,2222,nativeamerican
2223,2223,maliempire(mali)
2224,2224,zhizhowar
2225,2225,thekhoe-san
2226,2226,dzata(india)
2227,2227,gelawdewo
2228,2228,ueleriver(india)
2229,2229,azande(ethnicgroup)
2230,2230,makembejohann
2231,2231,meinhofwilhelm
2232,2232,salaga(westafrica)
2233,2233,nokneolithiccultur
2234,2234,metropolitanmuseumofart
2235,2235,treatiesandtrad
2236,2236,punt(egypt)
2237,2237,bukkameal
2238,2238,sundiata
2239,2239,meroitickush
2240,2240,lamu(romanrepublic)
2241,2241,pate(romanempire)
2242,2242,stone-town(ny)
2243,2243,stone-tower(nyc)
2244,2244,diplomaci
2245,2245,rashidun
2246,2246,mbandakasi
2247,2247,copper(currency)
2248,2248,nzingaafonso
2249,2249,lakevictoria(southafrica)
2250,2250,westafricancountri
2251,2251,maialibumar
2252,2252,wabedjaqueen
2253,2253,al-fattashtarikh
2254,2254,"""nuhal-tahirstarikhal-fatt"""
2255,2255,kongo(japan)
2256,2256,asantekingdom(romanempire)
2257,2257,unitedstatesinternationalrel
2258,2258,eleni
2259,2259,ayamatullāh
2260,2260,selassiehail
2261,2261,pate
2262,2262,batongol
2263,2263,literaci
2264,2264,necropoli
2265,2265,"""coupsandcoupsdetat"""
2266,2266,zagwe(southafrica)
2267,2267,meroitickingdomofkush(
2268,2268,davidnorthrup
2269,2269,michałtymowski
2270,2270,"""africasdiscoveryofeurope"""
2271,2271,abbamag
2272,2272,takrur(westafrica)
2273,2273,brava(italy)
2274,2274,meroe(italy)
2275,2275,silk
2276,2276,songhay(sahel)
2277,2277,nuribnmujahid
2278,2278,mhande(dompedro)
2279,2279,dompedro
2280,2280,religionandchurch
2281,2281,kanokano
2282,2282,al-fullānīṣāliḥal-
2283,2283,dog
2284,2284,breeder
2285,2285,walata
2286,2286,sultanfumnau
2287,2287,beatriz
2288,2288,lesotho
2289,2289,mapungubwekingdom(southafrica)
2290,2290,sarki(king)
2291,2291,ahmaduahmadu
2292,2292,competitionlaw
2293,2293,africanhistoryextraal
2294,2294,ludolfhiob
2295,2295,zäräyaqob
2296,2296,wäldäheyw
2297,2297,comoro(eastafrica)
2298,2298,africanhistoryextraall(book)
2299,2299,neolithi
2300,2300,sahara(westafrica)
2301,2301,mountain
2302,2302,mungopark
2303,2303,africanhistoryextraallaboutafrica
2304,2304,chagamiredombo
2305,2305,ocean
2306,2306,huntingandtrap
2307,2307,lamu(kenya)
2308,2308,colonisationofafrica
2309,2309,navalwarfar
2310,2310,congo
2311,2311,africansavannah
2312,2312,kano(africa)
2313,2313,zanzibar(india)
2314,2314,darfur(sudan)
2315,2315,firesandfirefight
2316,2316,gao(mali)
2317,2317,umayyad
2318,2318,africanhistoryextra(book)
2319,2319,nobelpr
2320,2320,tysonmik
2321,2321,kizimkazi
2322,2322,abomey(ivorycoast)
2323,2323,africanhistori
2324,2324,automobil
2325,2325,journalofafricanc
2326,2326,substacknot
2327,2327,womenwritingafrica
2328,2328,mansam
2329,2329,christiannubia
2330,2330,gulfofaden
2331,2331,copper
2332,2332,eurasia
2333,2333,marjeerteensultan
2334,2334,jalalal-suyuti
2335,2335,africanhistoryextraallaboutafricanhistori
2336,2336,artofpow
2337,2337,writing and writ
2338,2338,congo-kinshasa
2339,2339,gun control
2340,2340,east africa
2341,2341,ngazidja (south africa)
2342,2342,politics and govern
2343,2343,arfikan (india)
2344,2344,al-qadir ibn al-mustafa
2345,2345,swazi kingdom
2346,2346,kong kong
2347,2347,songhai empir
2348,2348,taharko taharko
2349,2349,sultan of oman
2350,2350,congo (formerly democratic republic of the congo)
2351,2351,karl meinhof
2352,2352,douala
2353,2353,ethnic group
2354,2354,hatata (book)
2355,2355,books and literatur
2356,2356,dahomey (egypt)
2357,2357,economic conditions and trend
2358,2358,qadir ibn al-mustapha
2359,2359,king of ezana
2360,2360,science and technolog
2361,2361,medicine and health
2362,2362,travel and vac
2363,2363,ibn battuta
2364,2364,viral influenza
2365,2365,p pandem
2366,2366,sars pandem
2367,2367,us economi
2368,2368,oil (petroleum) and gasolin
2369,2369,health insurance and managed car
2370,2370,hambl
2371,2371,south korea
2372,2372,epidemic airway diseas
2373,2373,chronic traumatic encephalopathi
2374,2374,vaccines immun
2375,2375,drugs (pharmaceuticals)
2376,2376,chloroquine (cq)
2377,2377,covid 19
2378,2378,biological and chemical warfar
2379,2379,reunion island (ny)
2380,2380,wangara wangara
2381,2381,west africa
2382,2382,education and school
2383,2383,women and girl
2384,2384,international trad
2385,2385,kongo (japan)
2386,2386,cambodia
2387,2387,assegai
2388,2388,educ
2389,2389,umaru umaru
2390,2390,meinhof
2391,2391,makembe peter mukuri
2392,2392,noubadia
2393,2393,kush kush
2394,2394,sokoto caliphate (japan)
2395,2395,noubadian empir
2396,2396,aksumite empir
2397,2397,land tenur
2398,2398,land us
2399,2399,raffia cloth
2400,2400,kongo kingdom of kongo
2401,2401,antalaots
2402,2402,kingdom of kush
2403,2403,rozvi kingdom of portug
2404,2404,afghanistan war (1914-45)
2405,2405,immigration and emigr
2406,2406,ndongo (congo)
2407,2407,murders and attempted murd
2408,2408,electric light and pow
2409,2409,global warm
2410,2410,data mining and min
2411,2411,new york times neediest cases fund
2412,2412, dynamitin
2413,2413,biology and biochemistri
2414,2414,heathwar
2415,2415,hnwr
2416,2416,pathogen
2417,2417,e62d
2418,2418,interferon
2419,2419,inovirua
2420,2420,plectroviru
